/*
SQLyog Enterprise - MySQL GUI v8.02 RC
MySQL - 5.0.70 : Database - svn_Orbit_AdServer_Lite
*********************************************************************
*/

/*!40101 SET NAMES utf8 */;

/*!40101 SET SQL_MODE=''*/;

/*!40014 SET @OLD_FOREIGN_KEY_CHECKS=@@FOREIGN_KEY_CHECKS, FOREIGN_KEY_CHECKS=0 */;
/*!40101 SET @OLD_SQL_MODE=@@SQL_MODE, SQL_MODE='NO_AUTO_VALUE_ON_ZERO' */;

/*Data for the table `ad_types` */

insert  into `ad_types`(`id_ad_type`,`name`) values (1,'text'),(2,'image');

/*Data for the table `browsers` */

insert  into `browsers`(`name`,`title`,`position`,`regexp`,`banned`) values ('msie','Internet Explorer',1,'MSIE|Internet Explorer','false'),('firefox','FireFox',2,'FireFox','false'),('opera','Opera',6,'Opera','false'),('shiira','Shiira',8,'Shiira','false'),('chimera','Chimera',9,'Chimera','false'),('phoenix','Phoenix',10,'Phoenix','false'),('firebird','Firebird',11,'Firebird','false'),('camino','Camino',12,'Camino','false'),('netscape','Netscape',7,'Netscape','false'),('omniweb','OmniWeb',13,'OmniWeb','false'),('mozilla','Mozilla',5,'.+Mozilla','false'),('safari','Safari',4,'Safari','false'),('konqueror','Konqueror',14,'Konqueror','false'),('icab','iCab',15,'iCab','false'),('hotjava','HotJava',16,'HotJava','false'),('chrome','Google Chrome',3,'Chrome','false'),('unknown','Unknown',100,'Unknown','false');

/*Data for the table `campaign_types` */

insert  into `campaign_types`(`campaign_type`,`campaign_name`,`description`) values ('cpm_flatrate','CPM / Flat Rate','CPM / Flat Rate Campaign Description');

/*Data for the table `categories` */

insert  into `categories`(`id_category`,`id_category_parent`,`name`,`description`) values (1,0,'Categories','General category'),(375,1,'News & Current Events','News & Current Events'),(387,1,'Photo & Video','Photo & Video'),(477,1,'Sports','Sports'),(508,1,'Travel','Travel'),(521,508,'bali','trevel bali');

/*Data for the table `contact_fields` */

insert  into `contact_fields`(`id_contact_field`,`name`,`title`,`description`,`field_order`,`type`) values (7,'country','Country',NULL,0,'string'),(8,'timezone','TimeZone',NULL,1,'int'),(9,'city','City',NULL,2,'string'),(10,'address','Address',NULL,3,'string'),(11,'zip_postal','ZIP/Postal Code',NULL,4,'string'),(12,'phone','Phone #',NULL,5,'string'),(13,'sex','Sex',NULL,6,'string'),(14,'bithday','Bithday',NULL,7,'string'),(15,'state','State',NULL,8,'string'),(16,'photo','Photo',NULL,9,'string');

/*Data for the table `continents` */

insert  into `continents`(`id_continent`,`name`) values (1,'North America'),(2,'South America'),(3,'Africa'),(4,'Europe'),(5,'Asia'),(6,'Australia & Oceania'),(7,'Unknown'),(8,'Antarctic');

/*Data for the table `countries` */

insert  into `countries`(`iso`,`name`,`unicode_name`,`banned`,`id_continent`) values ('AF','Afghanistan ','افغانستان','false',5),('AX','Aland Islands','','false',4),('AL','Albania ','Shqipëria','false',4),('DZ','Algeria ','الجزائر','false',3),('AS','American Samoa','','false',6),('AD','Andorra','','false',4),('AO','Angola','','false',3),('AI','Anguilla','','false',1),('AQ','Antarctica','','false',8),('AG','Antigua and Barbuda','','false',1),('AR','Argentina','','false',2),('AM','Armenia ','Հայաստան','false',5),('AW','Aruba','','false',1),('AU','Australia','','false',6),('AT','Austria ','Österreich','false',4),('AZ','Azerbaijan ','Azərbaycan','false',5),('BS','Bahamas','','false',1),('BH','Bahrain ','البحرين','false',5),('BD','Bangladesh ','বাংলাদেশ','false',5),('BB','Barbados','','false',1),('BY','Belarus ','Белару́сь','false',4),('BE','Belgium ','België','false',4),('BZ','Belize','','false',1),('BJ','Benin ','Bénin','false',3),('BM','Bermuda','','false',1),('BT','Bhutan ','འབྲུག་ཡུལ','false',5),('BO','Bolivia','','false',2),('BA','Bosnia and Herzegovina ','Bosna i Hercegovina','false',4),('BW','Botswana','','false',3),('BV','Bouvet Island','','false',1),('BR','Brazil ','Brasil','false',2),('IO','British Indian Ocean Territory','','false',5),('BN','Brunei ','Brunei Darussalam','false',5),('BG','Bulgaria ','България','false',4),('BF','Burkina Faso','','false',3),('BI','Burundi ','Uburundi','false',3),('KH','Cambodia ','Kampuchea','false',5),('CM','Cameroon ','Cameroun','false',3),('CA','Canada','','false',1),('CV','Cape Verde ','Cabo Verde','false',3),('KY','Cayman Islands','','false',1),('CF','Central African Republic ','République Centrafricaine','false',3),('TD','Chad ','Tchad','false',3),('CL','Chile','','false',2),('CN','China ','中国','false',5),('CX','Christmas Island','','false',5),('CC','Cocos Islands','','false',5),('CO','Colombia','','false',2),('KM','Comoros ','Comores','false',3),('CG','Congo','','false',3),('CD','Congo, Democratic Republic of the','','false',3),('CK','Cook Islands','','false',6),('CR','Costa Rica','','false',1),('CI','C?te d\'Ivoire','','false',3),('HR','Croatia ','Hrvatska','false',4),('CU','Cuba','','false',1),('CY','Cyprus ','Κυπρος','false',5),('CZ','Czech Republic ','Česko','false',4),('DK','Denmark ','Danmark','false',4),('DJ','Djibouti','','false',3),('DM','Dominica','','false',1),('DO','Dominican Republic','','false',1),('EC','Ecuador','','false',2),('EG','Egypt ','مصر','false',3),('SV','El Salvador','','false',1),('GQ','Equatorial Guinea ','Guinea Ecuatorial','false',3),('ER','Eritrea ','Ertra','false',3),('EE','Estonia ','Eesti','false',4),('ET','Ethiopia ','Ityop\'iya','false',3),('FK','Falkland Islands','','false',2),('FO','Faroe Islands','','false',1),('FJ','Fiji','','false',6),('FI','Finland ','Suomi','false',4),('FR','France','','false',4),('GF','French Guiana','','false',2),('PF','French Polynesia','','false',6),('TF','French Southern Territories','','false',8),('GA','Gabon','','false',3),('GM','Gambia','','false',3),('GE','Georgia ','საქართველო','false',5),('DE','Germany ','Deutschland','false',4),('GH','Ghana','','false',3),('GI','Gibraltar','','false',4),('GR','Greece ','\'Eλλας','false',4),('GL','Greenland','','false',1),('GD','Grenada','','false',1),('GP','Guadeloupe','','false',1),('GU','Guam','','false',6),('GT','Guatemala','','false',1),('GG','Guernsey','','false',4),('GN','Guinea ','Guinée','false',3),('GW','Guinea-Bissau ','Guiné-Bissau','false',3),('GY','Guyana','','false',2),('HT','Haiti ','Haïti','false',1),('HM','Heard Island and McDonald Islands','','false',8),('HN','Honduras','','false',1),('HK','Hong Kong','','false',5),('HU','Hungary ','Magyarország','false',4),('IS','Iceland ','Ísland','false',4),('IN','India','','false',5),('ID','Indonesia','','false',5),('IR','Iran ','ایران','false',5),('IQ','Iraq ','العراق','false',5),('IE','Ireland','','false',4),('IM','Isle of Man','','false',4),('IL','Israel ','ישראל','false',5),('IT','Italy ','Italia','false',4),('JM','Jamaica','','false',1),('JP','Japan ','日本','false',5),('JE','Jersey','','false',4),('JO','Jordan ','الاردن','false',5),('KZ','Kazakhstan ','Қазақстан','false',5),('KE','Kenya','','false',3),('KI','Kiribati','','false',6),('KW','Kuwait ','الكويت','false',5),('KG','Kyrgyzstan ','Кыргызстан','false',5),('LA','Laos ','ນລາວ','false',5),('LV','Latvia ','Latvija','false',4),('LB','Lebanon ','لبنان','false',5),('LS','Lesotho','','false',3),('LR','Liberia','','false',3),('LY','Libya ','ليبيا','false',3),('LI','Liechtenstein','','false',4),('LT','Lithuania ','Lietuva','false',4),('LU','Luxembourg ','Lëtzebuerg','false',4),('MO','Macao','','false',5),('MK','Macedonia ','Македонија','false',4),('MG','Madagascar ','Madagasikara','false',3),('MW','Malawi','','false',3),('MY','Malaysia','','false',5),('MV','Maldives ','ގުޖޭއްރާ ޔާއްރިހޫމްޖ','false',5),('ML','Mali','','false',3),('MT','Malta','','false',4),('MH','Marshall Islands','','false',6),('MQ','Martinique','','false',1),('MR','Mauritania ','موريتانيا','false',3),('MU','Mauritius','','false',3),('YT','Mayotte','','false',3),('MX','Mexico ','México','false',1),('FM','Micronesia','','false',6),('MD','Moldova','','false',4),('MC','Monaco','','false',4),('MN','Mongolia ','Монгол Улс','false',5),('ME','Montenegro ','Црна Гора','false',4),('MS','Montserrat','','false',1),('MA','Morocco ','المغرب','false',3),('MZ','Mozambique ','Moçambique','false',3),('MM','Myanmar ','Burma','false',5),('NA','Namibia','','false',3),('NR','Nauru ','Naoero','false',6),('NP','Nepal ','नेपाल','false',5),('NL','Netherlands ','Nederland','false',4),('AN','Netherlands Antilles','','false',1),('NC','New Caledonia','','false',6),('NZ','New Zealand','','false',6),('NI','Nicaragua','','false',1),('NE','Niger','','false',3),('NG','Nigeria','','false',3),('NU','Niue','','false',6),('NF','Norfolk Island','','false',6),('MP','Northern Mariana Islands','','false',1),('KP','North Korea ','조선','false',5),('NO','Norway ','Norge','false',4),('OM','Oman ','عمان','false',5),('PK','Pakistan ','پاکستان','false',5),('PW','Palau ','Belau','false',6),('PS','Palestinian Territory','','false',5),('PA','Panama ','Panamá','false',1),('PG','Papua New Guinea','','false',6),('PY','Paraguay','','false',2),('PE','Peru ','Perú','false',2),('PH','Philippines ','Pilipinas','false',5),('PN','Pitcairn','','false',6),('PL','Poland ','Polska','false',4),('PT','Portugal','','false',4),('PR','Puerto Rico','','false',1),('QA','Qatar ','قطر','false',5),('RE','Reunion','','false',3),('RO','Romania ','România','false',4),('RU','Russia ','Россия','false',4),('RW','Rwanda','','false',3),('SH','Saint Helena','','false',3),('KN','Saint Kitts and Nevis','','false',1),('LC','Saint Lucia','','false',1),('PM','Saint Pierre and Miquelon','','false',1),('VC','Saint Vincent and the Grenadines','','false',1),('WS','Samoa','','false',6),('SM','San Marino','','false',4),('ST','Sao Tome and Principe ','São Tomé and Príncipe','false',3),('SA','Saudi Arabia ','المملكة العربية السعودية','false',5),('SN','Senegal ','Sénégal','false',3),('RS','Serbia ','Србија','false',4),('CS','Serbia and Montenegro ','Србија и Црна Гора','false',4),('SC','Seychelles','','false',3),('SL','Sierra Leone','','false',3),('SG','Singapore ','Singapura','false',5),('SK','Slovakia ','Slovensko','false',4),('SI','Slovenia ','Slovenija','false',4),('SB','Solomon Islands','','false',6),('SO','Somalia ','Soomaaliya','false',3),('ZA','South Africa','','false',3),('GS','South Georgia and the South Sandwich Islands','','false',8),('KR','South Korea ','한국','false',5),('ES','Spain ','España','false',4),('LK','Sri Lanka','','false',5),('SD','Sudan ','السودان','false',3),('SR','Suriname','','false',2),('SJ','Svalbard and Jan Mayen','','false',4),('SZ','Swaziland','','false',3),('SE','Sweden ','Sverige','false',4),('CH','Switzerland ','Schweiz','false',4),('SY','Syria ','سوريا','false',5),('TW','Taiwan ','台灣','false',5),('TJ','Tajikistan ','Тоҷикистон','false',5),('TZ','Tanzania','','false',3),('TH','Thailand ','ราชอาณาจักรไทย','false',5),('TL','Timor-Leste','','false',5),('TG','Togo','','false',3),('TK','Tokelau','','false',6),('TO','Tonga','','false',6),('TT','Trinidad and Tobago','','false',1),('TN','Tunisia ','تونس','false',3),('TR','Turkey ','Türkiye','false',5),('TM','Turkmenistan ','Türkmenistan','false',5),('TC','Turks and Caicos Islands','','false',1),('TV','Tuvalu','','false',6),('UG','Uganda','','false',3),('UA','Ukraine ','Україна','false',4),('AE','United Arab Emirates ','الإمارات العربيّة المتّحدة','false',5),('GB','United Kingdom','','false',4),('US','United States','','false',1),('UM','United States minor outlying islands','','false',1),('UY','Uruguay','','false',2),('UZ','Uzbekistan ','O\'zbekiston','false',5),('VU','Vanuatu','','false',6),('VA','Vatican City ','Città del Vaticano','false',4),('VE','Venezuela','','false',2),('VN','Vietnam ','Việt Nam','false',5),('VG','Virgin Islands, British','','false',1),('VI','Virgin Islands, U.S.','','false',1),('WF','Wallis and Futuna','','false',6),('EH','Western Sahara ','الصحراء الغربية','false',3),('YE','Yemen ','اليمن','false',5),('ZM','Zambia','','false',3),('ZW','Zimbabwe','','false',3),('UN','Unknown',NULL,'false',7);

/*Data for the table `dashboard_blocks` */

insert  into `dashboard_blocks`(`id_block`,`id_role`,`column`,`position`,`name`) values (1,1,'left',1,'Sppc_Dashboard_Block_TodayEarnings'),(2,1,'left',2,'Sppc_Dashboard_Block_DatePicker'),(3,1,'left',3,'Sppc_Dashboard_Block_Summary_Publisher'),(4,1,'left',4,'Sppc_Dashboard_Block_Chart_Publisher'),(6,1,'right',1,'Sppc_Dashboard_Block_Table_AdminTopSites'),(7,1,'right',2,'Sppc_Dashboard_Block_Table_AdminTopFeeds'),(8,1,'right',3,'Sppc_Dashboard_Block_Table_AdminTopAdvertisers'),(9,1,'right',10,'Sppc_Dashboard_Block_News_Orbitscripts');

/*Data for the table `dimensions` */

insert  into `dimensions`(`id_dimension`,`name`,`max_ad_slots`,`orientation`,`width`,`height`,`title_size`,`text_size`,`url_size`,`rows_count`,`columns_count`) values (1,'728 x 90 Leaderboard',4,'horisontal',728,90,25,70,35,1,4),(2,'468 x 60 Banner',2,'horisontal',468,60,25,70,35,1,2),(3,'234 x 60 Half Banner',1,'horisontal',234,60,25,70,35,1,1),(4,'120 x 600 Skyscraper',4,'vertical',120,600,25,70,35,4,1),(5,'160 x 600 Wide Skyscraper',5,'vertical',160,600,25,70,35,5,1),(6,'120 x 240 Vertical Banner',2,'vertical',120,240,25,70,35,2,1),(12,'180 x 150 Small Rectangle',1,'horisontal',180,150,25,70,35,1,1),(8,'250 x 250 Medium Rectangle',3,'square',250,250,25,70,35,3,1),(9,'200 x 200 Small Square',2,'square',200,200,25,70,35,2,1),(10,'125 x 125 Button',1,'square',125,125,25,70,35,1,1),(13,'300 x 250 Medium Rectangle',4,'horisontal',300,250,25,70,35,4,1),(14,'336 x 280 Large Rectangle',4,'horisontal',336,280,25,70,35,4,1);

/*Data for the table `entities` */

insert  into `entities`(`id_entity`,`name`,`e_mail`,`password`,`creation_date`,`ballance`,`password_recovery`,`bonus`) values (1,'Administrator','admin@smartppcevo.com','53bbc2682e88bdd6f583761423a8fe0d',NOW(),'1000.0000',NULL,'0.0000'),(2,'PayPal','paypal@payment.com','-',NOW(),'0.0000',NULL,'0.0000'),(4,'XmlFeed','xml@smartppcevo.com','-',NOW(),'0.0000',NULL,'0.0000'),(6,'Guest','guest@orbitadserver.com','-',NOW(),'0.0000',NULL,'0.0000');

/*Data for the table `entity_roles` */

insert  into `entity_roles`(`id_entity`,`id_role`,`status`) values (1,1,'active'),(2,9,'active'),(6,2,'active');

/*Data for the table `feeds_to_request` */

insert  into `feeds_to_request`(`name`) values ('7Search.com'),('ABCSearch.com'),('Ah-ha.com(Enchance.com)'),('BlowSearch.com'),('BrainFox.com'),('EPilot.com'),('Findit-Quick.com'),('Findology.com'),('FindWhat.com(Miva)'),('GoClick.com'),('Kanoodle.com'),('LookSmart.com'),('Mamma.com'),('Mirago.com'),('Overture.com'),('RevenuePilot.com'),('RevQuest.com'),('Search123.com'),('SearchFeed.com'),('XmlRevenue.com');

/*Data for the table `field_types` */

insert  into `field_types`(`id_field_type`,`name`) values (1,'string'),(2,'integer'),(3,'date'),(4,'time'),(5,'datetime'),(6,'float'),(7,'procent'),(8,'money'),(9,'bool'),(10,'translate');

/*Data for the table `fonts` */

insert  into `fonts`(`id_font`,`name`) values (1,'Tahoma'),(2,'Arial'),(3,'Helvetica');

/*Data for the table `languages` */

insert  into `languages`(`iso`,`name`,`unicode_name`,`banned`) values ('AA','Afar','Afaraf','false'),('AB','Abkhazian','Аҧсуа','false'),('AE','Avestan','avesta','false'),('AF','Afrikaans','Afrikaans','false'),('AK','Akan','Akan','false'),('AM','Amharic','','false'),('AN','Aragonese','Aragonés','false'),('AR','Arabic','العربية','false'),('AS','Assamese','','false'),('AV','Avaric','авар мацӀ; магӀарул мацӀ','false'),('AY','Aymara','aymar aru','false'),('AZ','Azerbaijani','azərbaycan dili','false'),('BA','Bashkir','башҡорт теле','false'),('BE','Belarusian','Беларуская','false'),('BG','Bulgarian','български език','false'),('BH','Bihari','','false'),('BI','Bislama','Bislama','false'),('BM','Bambara','bamanankan','false'),('BN','Bengali','','false'),('BO','Tibetan','','false'),('BR','Breton','brezhoneg','false'),('BS','Bosnian','bosanski jezik','false'),('CA','Catalan','Català','false'),('CE','Chechen','нохчийн мотт','false'),('CH','Chamorro','Chamoru','false'),('CO','Corsican','corsu; lingua corsa','false'),('CR','Cree','ᓀᐦᐃᔭᐍᐏᐣ','false'),('CS','Czech','česky; čeština','false'),('CU','Church Slavic','ѩзыкъ словѣньскъ','false'),('CV','Chuvash','чӑваш чӗлхи','false'),('CY','Welsh','Cymraeg','false'),('DA','Danish','dansk','false'),('DE','German','Deutsch','false'),('DV','Divehi','','false'),('DZ','Dzongkha','','false'),('EE','Ewe','Ɛʋɛgbɛ','false'),('EL','Greek','Ελληνικά','false'),('EN','English','English','false'),('EO','Esperanto','Esperanto','false'),('ES','Spanish','Español; castellano','false'),('ET','Estonian','eesti; eesti keel','false'),('EU','Basque','euskara; euskera','false'),('FA','Persian','فارسی','false'),('FF','Fulah','Fulfulde','false'),('FI','Finnish','suomi; suomen kieli','false'),('FJ','Fijian','vosa Vakaviti','false'),('FO','Faroese','Føroyskt','false'),('FR','French','Français; langue française','false'),('FY','Western Frisian','Frysk','false'),('GA','Irish','Gaeilge','false'),('GD','Scottish Gaelic','Gàidhlig','false'),('GL','Galician','Galego','false'),('GN','Guaran?','Avañe\'ẽ','false'),('GU','Gujarati','','false'),('GV','Manx','Gaelg; Gailck','false'),('HA','Hausa','هَوُسَ','false'),('HE','Hebrew','עברית','false'),('HI','Hindi','','false'),('HO','Hiri Motu','Hiri Motu','false'),('HR','Croatian','Hrvatski','false'),('HT','Haitian','Kreyòl ayisyen','false'),('HU','Hungarian','Magyar','false'),('HY','Armenian','Հայերեն','false'),('HZ','Herero','Otjiherero','false'),('IA','Interlingua','Interlingua','false'),('ID','Indonesian','Bahasa Indonesia','false'),('IE','Interlingue','Interlingue','false'),('IG','Igbo','Igbo','false'),('II','Sichuan Yi','','false'),('IK','Inupiaq','Iñupiaq; Iñupiatun','false'),('IO','Ido','Ido','false'),('IS','Icelandic','Íslenska','false'),('IT','Italian','Italiano','false'),('IU','Inuktitut','ᐃᓄᒃᑎᑐᑦ','false'),('JA','Japanese','','false'),('JV','Javanese','basa Jawa','false'),('KA','Georgian','ქართული','false'),('KG','Kongo','KiKongo','false'),('KI','Kikuyu','Gĩkũyũ','false'),('KJ','Kwanyama','Kuanyama','false'),('KK','Kazakh','Қазақ тілі','false'),('KL','Kalaallisut','kalaallisut; kalaallit oqaasii','false'),('KM','Khmer','','false'),('KN','Kannada','','false'),('KO','Korean','','false'),('KR','Kanuri','Kanuri','false'),('KS','Kashmiri','','false'),('KU','Kurdish','Kurdî; كوردی‎','false'),('KV','Komi','коми кыв','false'),('KW','Cornish','Kernewek','false'),('KY','Kirghiz','кыргыз тили','false'),('LA','Latin','latine; lingua latina','false'),('LB','Luxembourgish','Lëtzebuergesch','false'),('LG','Ganda','Luganda','false'),('LI','Limburgish','Limburgs','false'),('LN','Lingala','Lingála','false'),('LO','Lao','ພາສາລາວ','false'),('LT','Lithuanian','lietuvių kalba','false'),('LU','Luba-Katanga','','false'),('LV','Latvian','latviešu valoda','false'),('MG','Malagasy','Malagasy fiteny','false'),('MH','Marshallese','Kajin M̧ajeļ','false'),('MI','M?ori','te reo Māori','false'),('MK','Macedonian','македонски јазик','false'),('ML','Malayalam','','false'),('MN','Mongolian','Монгол','false'),('MR','Marathi','','false'),('MS','Malay','bahasa Melayu; بهاس ملايو‎','false'),('MT','Maltese','Malti','false'),('MY','Burmese','','false'),('NA','Nauru','Ekakairũ Naoero','false'),('NB','Norwegian Bokm?l','Norsk bokmål','false'),('ND','North Ndebele','isiNdebele','false'),('NE','Nepali','','false'),('NG','Ndonga','Owambo','false'),('NL','Dutch','Nederlands','false'),('NN','Norwegian Nynorsk','Norsk nynorsk','false'),('NO','Norwegian','Norsk','false'),('NR','South Ndebele','isiNdebele','false'),('NV','Navajo','Diné bizaad; Dinékʼehǰí','false'),('NY','Chichewa','chiCheŵa; chinyanja','false'),('OC','Occitan','Occitan','false'),('OJ','Ojibwa','ᐊᓂᔑᓈᐯᒧᐎᓐ','false'),('OM','Oromo','Afaan Oromoo','false'),('OR','Oriya','','false'),('OS','Ossetian','Ирон æвзаг','false'),('PA','Panjabi','','false'),('PI','P?li','','false'),('PL','Polish','polski','false'),('PS','Pashto','پښتو','false'),('PT','Portuguese','Português','false'),('QU','Quechua','Runa Simi; Kichwa','false'),('RM','Raeto-Romance','rumantsch grischun','false'),('RN','Kirundi','kiRundi','false'),('RO','Romanian','română','false'),('RU','Russian','русский язык','false'),('RW','Kinyarwanda','Ikinyarwanda','false'),('SA','Sanskrit','','false'),('SC','Sardinian','sardu','false'),('SD','Sindhi','','false'),('SE','Northern Sami','Davvisámegiella','false'),('SG','Sango','yângâ tî sängö','false'),('SH','Serbo-Croatian','Srpskohrvatski; Српскохрватски','false'),('SI','Sinhala','','false'),('SK','Slovak','slovenčina','false'),('SL','Slovenian','slovenščina','false'),('SM','Samoan','gagana fa\'a Samoa','false'),('SN','Shona','chiShona','false'),('SO','Somali','Soomaaliga; af Soomaali','false'),('SQ','Albanian','Shqip','false'),('SR','Serbian','српски језик','false'),('SS','Swati','SiSwati','false'),('ST','Southern Sotho','Sesotho','false'),('SU','Sundanese','Basa Sunda','false'),('SV','Swedish','svenska','false'),('SW','Swahili','Kiswahili','false'),('TA','Tamil','','false'),('TE','Telugu','','false'),('TG','Tajik','тоҷикӣ; toğikī; تاجیکی‎','false'),('TH','Thai','ไทย','false'),('TI','Tigrinya','','false'),('TK','Turkmen','Türkmen; Түркмен','false'),('TL','Tagalog','Tagalog','false'),('TN','Tswana','Setswana','false'),('TO','Tonga','faka Tonga','false'),('TR','Turkish','Türkçe','false'),('TS','Tsonga','Xitsonga','false'),('TT','Tatar','татарча; tatarça; تاتارچا‎','false'),('TW','Twi','Twi','false'),('TY','Tahitian','Reo Mā`ohi','false'),('UG','Uighur','Uyƣurqə; ئۇيغۇرچە‎','false'),('UK','Ukrainian','Українська','false'),('UR','Urdu','اردو','false'),('UZ','Uzbek','O\'zbek; Ўзбек; أۇزبېك‎','false'),('VE','Venda','Tshivenḓa','false'),('VI','Vietnamese','Tiếng Việt','false'),('VO','Volap?k','Volapük','false'),('WA','Walloon','Walon','false'),('WO','Wolof','Wollof','false'),('XH','Xhosa','isiXhosa','false'),('YI','Yiddish','ייִדיש','false'),('YO','Yoruba','Yorùbá','false'),('ZA','Zhuang','Saɯ cueŋƅ; Saw cuengh','false'),('ZH','Chinese','','false'),('ZU','Zulu','isiZulu','false'),('UN','Unknown','','false');

/*Data for the table `locale_settings` */

insert  into `locale_settings`(`locale`,`date_format`,`date_input`,`time_format`,`time_input`,`money_format`,`number_format`,`week_start`) values ('en_US','m.d.Y','%m.%d.%Y','h:i A','%I:%M %p','$%','2.,',7),('ru_RU','d.m.Y','%d.%m.%Y','H:i','%R','$%','2, ',1);

/*Data for the table `locales` */

insert  into `locales`(`locale`,`lang`,`country`,`flag`,`is_default`,`template`,`status`,`ldirection`,`date_format`,`date_input`,`time_format`,`time_input`) values ('en_US','English','GB','gb.png','false','<%FLAG%>','enabled','ltr','m.d.Y','%m.%d.%Y','H:i','%H:%i'),('ru_RU','Русский','RU','ru.png','false','<%FLAG%>','enabled','ltr','d-m-Y','%d-%m-%Y','H:i','%H:%i');

/*Data for the table `menu_items` */

insert  into `menu_items`(`id_menu_item`,`id_role`,`parent_item_id`,`position`,`name`,`controller`,`visible`) values (1,1,NULL,0,'Main','admin/dashboard','true'),(2,1,1,0,'Dashboard','admin/dashboard','true'),(3,1,1,100,'System Settings','admin/system_settings','true'),(4,1,NULL,100,'Reports','admin/reports_center','true'),(5,1,4,0,'Reports Center','admin/reports_center','true'),(11,1,NULL,200,'Ad Serving','admin/manage_advertisers','true'),(14,1,11,600,'Manage Feeds','admin/manage_feeds','true'),(15,1,NULL,1000,'Settings','admin/manage_payment_gateways','true'),(17,1,15,0,'Manage Payment Gateways','admin/manage_payment_gateways','true'),(18,1,15,100,'Manage Categories','admin/manage_categories','true'),(39,8,NULL,0,'Admin','admin/login','true'),(40,8,39,0,'Login','admin/login','true'),(41,8,39,100,'Forgot Password','guest_admin/forgot_password','true'),(84,3,NULL,0,'Main','advertiser/dashboard','true'),(85,3,84,0,'Dashboard','advertiser/dashboard','true'),(86,3,84,100,'Account Settings','advertiser/account_settings','true'),(87,3,NULL,100,'Reports','advertiser/reports_center','true'),(88,3,87,0,'Reports Center','advertiser/reports_center','true'),(89,3,NULL,200,'Ad Serving','advertiser/manage_ads','true'),(90,3,89,0,'Manage Ads','advertiser/manage_ads','true'),(91,3,NULL,300,'Payment','advertiser/add_funds','true'),(92,3,91,0,'Add Funds','advertiser/add_funds','true'),(117,2,116,100,'Site Directory','guest/site_directory','true'),(105,2,104,0,'Login','advertiser/login','true'),(106,2,104,100,'Forgot Password','guest/forgot_password','true'),(98,1,11,100,'Manage Advertisers','admin/manage_advertisers','true'),(99,1,NULL,150,'Ad Placing','admin/manage_sites_channels','true'),(100,1,99,0,'Manage Sites/Channels','admin/manage_sites_channels','true'),(101,1,99,100,'Color Palettes','admin/color_palettes','true'),(103,8,NULL,0,'Admin','admin/login','false'),(107,2,104,200,'Sign Up','advertiser/sign_up','true'),(108,2,NULL,0,'Home','guest/home','true'),(109,2,108,100,'Welcome','guest/home','true'),(110,2,108,200,'Terms & Services','guest/terms','true'),(111,2,108,300,'Privacy Policy','guest/policy','true'),(112,2,NULL,500,'Contact Us','guest/contact_us','true'),(113,2,112,100,'Send Message','guest/contact_us','true'),(116,2,NULL,600,'Guest Site Directory','guest/site_directory','true'),(104,2,NULL,40,'Advertiser','advertiser/login','true'),(118,3,NULL,500,'Advertiser Site Directory','advertiser/site_directory','true'),(119,3,118,0,'Site Directory','advertiser/site_directory','true');

/*Data for the table `payment_gateways` */

insert  into `payment_gateways`(`id_entity`,`account_id_1`,`account_id_1_title`,`account_id_2`,`account_id_2_title`,`use_account_id_2`,`status`,`description`,`mode`,`withdraw_comm`,`fund_comm`,`version`,`id_gateway`,`validation_rules_1`,`validation_rules_2`,`max_1`,`max_2`,`possibility_mode`,`minimal_payment`,`account_id_3`,`account_id_3_title`,`use_account_id_3`,`validation_rules_3`,`max_3`,`use_textarea`) values (2,'dfgdgggssd@sdf.yt','E-Mail','','',0,'enabled',NULL,'deposit','0.00','0.00','1.0','paypal','required|valid_email',NULL,50,NULL,'all','1.0000',NULL,NULL,0,NULL,NULL,0);

/*Data for the table `payment_gateways_to_request` */

insert  into `payment_gateways_to_request`(`title`) values ('2CheckOut'),('Authorize'),('ClickBank'),('Ebullion'),('EGold'),('EvoCash'),('intGold'),('MoneyBookers'),('MultiCards'),('Netbilling'),('PayPalSubscribe'),('SecPay'),('WorldPay');

/*Data for the table `report_groups` */

insert  into `report_groups`(`id_report_group`,`id_role`,`title`,`controller`) values (0,1,'Global Report','admin/global_reports');

/*Data for the table `report_type_fields` */

insert  into `report_type_fields`(`id_report_type`,`name`,`title`,`column_order`,`description`,`id_field_type`,`direction`,`is_total`,`is_unchanged`) values (1,'stat_date','Date',0,'record date',3,'asc','false','true'),(1,'url','Site URL',1,'site url',1,'asc','false','true'),(1,'channel','Channel',2,'channel\'s name',1,'asc','false','true'),(1,'impressions','Impressions',3,'quantity of impressions',2,'asc','true','false'),(1,'clicks','Clicks',4,'quantity of clicks',2,'asc','true','false'),(1,'ctr','% CTR',5,'click-through rate',7,'asc','true','false'),(1,'earned','Earnings',7,'revenue of the system',8,'asc','true','false'),(2,'advertiser','Advertiser',0,'e-mail of certain advertiser',1,'asc','false','true'),(2,'impressions','Impressions',2,'quantity of impressions for certain advertiser',2,'asc','true','false'),(2,'clicks','Clicks',3,'quantity of clicks',2,'asc','true','false'),(2,'ctr','% CTR',4,'click-through rate',7,'asc','true','false'),(2,'earned','Earnings',6,'revenue of the system',8,'asc','true','false'),(3,'name','Feed Name',0,'name of external feed',1,'asc','false','true'),(3,'earned','Earnings',5,'revenue of the system',8,'asc','true','false'),(3,'impressions','Impressions',1,'quantity of impressions for certain feed',2,'asc','true','false'),(3,'clicks','Clicks',2,'quantity of clicks',2,'asc','true','false'),(3,'ctr','% CTR',3,'click-through rate',7,'asc','true','false'),(3,'cpc','CPC',4,'average cost per click',8,'asc','true','false'),(4,'advertiser','Advertiser',0,'e-mail of certain advertiser',1,'asc','false','true'),(4,'event_date','Date',1,'date of certain event',3,'asc','false','true'),(4,'description','Description',2,'description of the event',10,'asc','false','false'),(4,'payment','Payment',3,'advertiser\'s deposit',8,'asc','true','false'),(4,'balance','Balance',4,'balance of certain advertiser after operation',8,'asc','false','false'),(7,'event_date','Date',0,'date of certain event',3,'asc','false','true'),(7,'description','Description',1,'description of the event',10,'asc','false','false'),(7,'payment','Payment',2,'advertiser\'s deposit',8,'asc','true','false'),(7,'balance','Balance',3,'balance of the advertiser after operation',8,'asc','false','false'),(8,'campaign','Campaign',0,'name of certain campaign',1,'asc','false','true'),(8,'ad_group','Ad Group',1,'name of certain ad group',1,'asc','false','true'),(8,'ad_type','Ad Type',2,'ad type',10,'asc','false','true'),(8,'spent','Spent',3,'money spent by advertiser during report period for certain ad type (ad group, ad campaign)',8,'asc','true','false'),(8,'impressions','Impressions',4,'impressions of certain ad type (ad group, ad campaign)',2,'asc','true','false'),(8,'clicks','Clicks',5,'clicks on certain ad type (ad group, ad campaign)',2,'asc','true','false'),(8,'ctr','% CTR',6,'click-through rate',7,'asc','true','false');

/*Data for the table `report_types` */

insert  into `report_types`(`id_report_type`,`id_role`,`report_group`,`report_order`,`title`,`description`,`sort_column`,`sort_direction`) values (1,1,0,0,'Performance report','{@Performance report@}',0,'asc'),(2,1,0,1,'Revenue by Advertisers','{@Revenue statistics for certain advertiser(s)@}',0,'asc'),(3,1,0,2,'Revenue by External Feeds','{@Revenue statistics for certain External feed(s)@}',0,'asc'),(4,1,0,3,'Billing summary for Advertisers','{@Summary of deposits made by certain advertiser\'s; summary of payments charged from the deposit by the system@}',0,'asc'),(7,3,0,0,'Billing summary','{@Summary of deposits; summary of payments charged from the deposit by the system@}',0,'asc'),(8,3,0,1,'General campaign report','{@General report for certain campaign(s)@}',0,'asc');

/*Data for the table `roles` */

insert  into `roles`(`id_role`,`name`,`is_used`,`is_recipient`,`class`) values (1,'admin','true','false','Sppc_Entity_Role'),(2,'guest','true','false','Sppc_Entity_Role'),(3,'advertiser','true','true','Sppc_Entity_Role'),(4,'publisher','false','true','Sppc_Entity_Role'),(5,'affiliate','false','true','Sppc_Entity_Role'),(6,'partner','false','true','Sppc_Entity_Role'),(8,'guest_admin','true','false','Sppc_Entity_Role'),(9,'payment_gateway','true','false','Sppc_Entity_Role'),(10,'member','false','true','Sppc_Entity_Role_Member');

/*Data for the table `setting_fields` */

insert  into `setting_fields`(`name`,`type`,`title`,`description`,`setting_order`,`default_value`) values ('WeekFromMonday','bool','{@Week starts at Monday@}',NULL,NULL,NULL);

/*Data for the table `settings` */

insert  into `settings`(`id_entity`,`name`,`value`,`expired`) values (0,'PathToFiles','./system/files',NULL),(0,'MaxReportsInProgress','10',NULL),(0,'MaxReportProcessHours','12',NULL),(0,'SystemEMail','admin@orbitscripts.com',NULL),(0,'MinPasswordLen','6',NULL),(0,'DefaultCountry','US',NULL),(0,'ApproveSignUp','1',NULL),(0,'ReserveCPMSlot','0',NULL),(0,'ApproveCampaigns','0',NULL),(0,'NewsPerPage','10',NULL),(0,'DefaultLocale','en_US',NULL),(0,'WeekFromMonday','false',NULL),(0,'MaxAlertsOnPage','3',NULL),(0,'SiteName','Orbit Open Ad Server',NULL),(0,'MaxNewsOnPage','5',NULL),(0,'MaxMailsOnPage','5',NULL),(0,'ProxiesPerPage','10',NULL),(0,'TopCampaignsOnPage','5',NULL),(0,'ReportsPerPage','20',NULL),(0,'PaymentGatewaysPerPage','5',NULL),(0,'LastReportDate','2010-07-26',NULL),(0,'RepTemplatesPerPage','5',NULL),(0,'TopSitesOnPage','5',NULL),(0,'TopAdvertisersOnPage','5',NULL),(0,'AdvertisersPerPage','30',NULL),(0,'FeedsPerPage','20',NULL),(0,'DefaultFeedCommission','5',NULL),(0,'OrbitscriptsEMail','jak@orbitscripts.com',NULL),(0,'CampaignsPerPage','10',NULL),(0,'GroupsPerPage','10',NULL),(0,'AdsPerPage','20',NULL),(0,'ChannelsPerPage','10',NULL),(0,'ReportRowsPerPage','50',NULL),(0,'contextual_keywords_ttl','86400',NULL),(0,'client_timeout','1000',NULL),(0,'orbitscripts_news_xml','http://orbitscripts.com/rss/smartppcevo.xml',NULL),(0,'FirewallPerPage','10',NULL),(0,'feed_entity','4',NULL),(0,'admin_entity','1',NULL),(0,'Flat_RateAutoEscrow','true',NULL),(0,'CPMAutoEscrow','true',NULL),(0,'ValidateUserEMail','0',NULL),(0,'topActualPeriod','30',NULL),(0,'ApprovePubSignUp','0',NULL),(0,'TopMembersOnPage','5',NULL),(0,'MembersPerPage','30',NULL),(0,'PaymentSettings_Type','by_admin',NULL),(0,'PaymentSettings_Method','net_30',NULL),(0,'PaymentSettings_MinimalWithdraw','10.00',NULL),(0,'PaymentSettings_Period','0',NULL),(0,'RefererDomainPerPage','10',NULL),(0,'SiteDirectoryPerPage','10',NULL),(0,'TopPublishersOnPage','5',NULL),(0,'CpcDefaultCommission','50.00',NULL),(0,'FlatRateDefaultCommission','50.00',NULL),(0,'PaypalEmail','r2@orbita1.ru',NULL),(0,'CpmDefaultCommission','50.00',NULL),(0,'SelectedPaymentType','paypal',NULL),(0,'PaypalMinAmount','33',NULL),(0,'ApproveMemberSignUp','0',NULL),(0,'ID_SuperAdmin','1',NULL),(0,'ShowYourAdHereLink','1',NULL),(0,'YourAdHereLinkText','test',NULL),(0,'ParkedDomainResultsPerPage','10',NULL),(0,'DefaultParkedDomainStatus','not_confirmed',NULL),(0,'MinimalKeywordSearchBid','0.01',NULL),(0,'MinimalKeywordIntextBid','0.01',NULL),(0,'MinimalKeywordSitesBid','0.01',NULL),(0,'MinimalParkedDomainAdvertiserBid','0.01',NULL),(0,'DefaultTextBid','0.01',NULL),(0,'DefaultImageBid','0.01',NULL),(0,'DefaultCappingValue','0',NULL),(0,'build_adserver','5',NULL),(0,'MinimalKeywordInlineBid','0.01',NULL),(1,'ApiKey','c355e61cead911df1137ade5f3e8a251',NULL),(24,'iframe_added_channels_sort_field','site_name','2010-12-30 14:12:38'),(24,'topcamps_sort_direction','desc','2010-12-30 14:09:12'),(24,'topcamps_sort_field','spent','2010-12-30 14:09:12'),(24,'advdashboard_tab','spent','2010-12-30 14:09:13'),(24,'dashboard_from','select','2010-12-30 14:09:13'),(24,'dashboard_to','today','2010-12-30 14:09:13'),(24,'iframe_added_channels_sort_direction','asc','2010-12-30 14:12:38'),(24,'iframe_recently_added_channels_sort_direction','asc','2010-12-30 14:11:54'),(24,'iframe_recently_added_channels_sort_field','site_name','2010-12-30 14:11:54'),(24,'iframe_recently_added_channels_columns','all','2010-12-30 14:12:38'),(24,'iframe_added_channels_columns','2,7','2010-12-30 14:12:38'),(24,'iframe_channels_sort_direction','asc','2010-12-30 14:11:47'),(24,'iframe_channels_sort_field','channel_name','2010-12-30 14:11:47'),(24,'manadsgroups_per_page','10','2010-12-30 14:08:58'),(24,'iframe_channels_columns','all','2010-12-30 14:11:52'),(24,'manadsgroups_page','1','2010-12-30 14:08:58'),(24,'manadschannels_page','1','2010-12-30 14:09:02'),(24,'manadschannels_per_page','10','2010-12-30 14:09:02'),(24,'manadsgroups_filt','all','2010-12-30 14:08:58'),(24,'manadsgroups_columns','all','2010-12-30 14:08:58'),(24,'manadsgroups_sort_field','id_campaign','2010-12-30 14:08:58'),(24,'manadsgroups_sort_direction','asc','2010-12-30 14:08:58'),(24,'manadschannels_sort_directioncpm_flatrate','asc','2010-12-30 14:09:02'),(24,'manadschannels_sort_fieldcpm_flatrate','id_site_channel','2010-12-30 14:09:02'),(24,'manadsads_per_page','20','2010-12-30 14:09:02'),(24,'manadsads_page','1','2010-12-30 14:09:02'),(24,'manadsads_sort_direction','asc','2010-12-30 14:09:02'),(24,'manadsads_sort_field','id_ad','2010-12-30 14:09:02'),(24,'manadschannels_columnscpm_flatrate','all','2010-12-30 14:09:02'),(24,'manadsads_filt','all','2010-12-30 14:09:02'),(24,'manadschannels_filt','all','2010-12-30 14:09:02'),(24,'manadsads_columns','all','2010-12-30 14:09:02'),(24,'manadschannels_columns','all','2010-12-30 14:09:02'),(24,'manadscampaigns_page','1','2010-12-30 14:11:32'),(24,'manadscampaigns_per_page','10','2010-12-30 14:11:32'),(24,'manadscampaigns_sort_direction','asc','2010-12-30 14:11:32'),(24,'manadscampaigns_sort_field','id_campaign','2010-12-30 14:11:32'),(24,'manadscampaigns_filt','all','2010-12-30 14:11:32'),(24,'manadscampaigns_columns','all','2010-12-30 14:11:32');

/*Data for the table `site_layout_zones` */

insert  into `site_layout_zones`(`id_site_layout_zone`,`id_site_layout`,`colspan`,`rowspan`,`order`,`id_json_zone`) values (1,1,3,3,0,''),(12,2,3,3,0,'11'),(30,3,2,1,3,'17'),(29,3,1,1,2,'16'),(28,3,3,1,1,'15'),(27,3,3,1,0,'14'),(19,4,3,3,0,'18'),(20,5,3,3,0,''),(21,6,3,3,0,''),(22,7,3,3,0,''),(36,8,3,3,0,'23'),(26,9,3,3,0,'24'),(77,10,3,3,0,'35'),(31,11,3,3,0,''),(32,12,3,3,0,''),(46,13,3,3,0,'34'),(39,14,3,3,0,'38'),(48,15,3,1,0,''),(73,16,1,2,3,'69'),(55,17,3,3,0,'47'),(49,15,3,2,1,''),(72,16,1,2,2,'68'),(71,16,1,2,1,'67'),(70,16,3,1,0,'66'),(76,18,3,3,0,'75'),(87,19,3,1,4,'82'),(86,19,1,1,3,'81'),(85,19,1,2,2,'80'),(84,19,1,2,1,'79'),(83,19,1,1,0,'78');

/*Data for the table `site_layouts` */

insert  into `site_layouts`(`id_site_layout`,`id_site`,`width`,`height`,`size_w1`,`size_w2`,`size_w3`,`size_h1`,`size_h2`,`size_h3`) values (1,1,1024,768,342,341,341,256,256,256),(2,2,1024,768,342,341,341,256,256,256),(3,3,1024,768,171,332,521,27,586,155),(4,4,1024,768,342,341,341,256,256,256),(5,5,1024,768,342,341,341,256,256,256),(6,6,1024,768,342,341,341,256,256,256),(7,7,1024,768,342,341,341,256,256,256),(8,8,1024,768,342,341,341,256,256,256),(9,9,1024,768,342,341,341,256,256,256),(10,10,1024,768,342,341,341,256,256,256),(11,11,1024,768,342,341,341,256,256,256),(12,12,1024,768,342,341,341,256,256,256),(13,13,1024,768,342,341,341,256,256,256),(14,14,1024,768,342,341,341,256,256,256),(15,15,1024,768,342,341,341,192,384,192),(16,16,1024,768,256,512,256,192,422,154),(17,17,1024,768,342,341,341,256,256,256),(18,18,1024,768,342,341,341,256,256,256),(19,19,1024,768,295,528,201,286,422,60);

/*Data for the table `timetables` */

insert  into `timetables`(`id_timetable`,`h_00`,`h_01`,`h_02`,`h_03`,`h_04`,`h_05`,`h_06`,`h_07`,`h_08`,`h_09`,`h_10`,`h_11`,`h_12`,`h_13`,`h_14`,`h_15`,`h_16`,`h_17`,`h_18`,`h_19`,`h_20`,`h_21`,`h_22`,`h_23`) values (0,0,0,0,0,0,0,0,0,0,0,0,0,0,0,0,0,0,0,0,0,0,0,0,0),(16777215,1,1,1,1,1,1,1,1,1,1,1,1,1,1,1,1,1,1,1,1,1,1,1,1);

/*Data for the table `timezones` */

insert  into `timezones`(`id_timezone`,`name`,`position`) values (351,'(GMT-11:00) Apia',0),(371,'(GMT-11:00) Midway',1),(373,'(GMT-11:00) Niue',2),(376,'(GMT-11:00) Pago Pago',3),(357,'(GMT-10:00) Fakaofo',4),(364,'(GMT-10:00) Hawaii Time',5),(365,'(GMT-10:00) Johnston',6),(381,'(GMT-10:00) Rarotonga',7),(383,'(GMT-10:00) Tahiti',8),(370,'(GMT-09:30) Marquesas',9),(55,'(GMT-09:00) Alaska Time',10),(361,'(GMT-09:00) Gambier',11),(1,'(GMT-08:00) Pacific Time',12),(172,'(GMT-08:00) Pacific Time - Tijuana',13),(175,'(GMT-08:00) Pacific Time - Vancouver',14),(176,'(GMT-08:00) Pacific Time - Whitehorse',15),(378,'(GMT-08:00) Pitcairn',16),(93,'(GMT-07:00) Mountain Time',17),(148,'(GMT-07:00) Mountain Time - Arizona',18),(130,'(GMT-07:00) Mountain Time - Chihuahua, Mazatlan',19),(92,'(GMT-07:00) Mountain Time - Dawson Creek',20),(96,'(GMT-07:00) Mountain Time - Edmonton',21),(111,'(GMT-07:00) Mountain Time - Hermosillo',22),(179,'(GMT-07:00) Mountain Time - Yellowknife',23),(75,'(GMT-06:00) Belize',24),(85,'(GMT-06:00) Central Time',25),(169,'(GMT-06:00) Central Time',26),(133,'(GMT-06:00) Central Time - Mexico City',27),(156,'(GMT-06:00) Central Time - Regina',28),(177,'(GMT-06:00) Central Time - Winnipeg',29),(87,'(GMT-06:00) Costa Rica',30),(354,'(GMT-06:00) Easter Island',31),(98,'(GMT-06:00) El Salvador',32),(360,'(GMT-06:00) Galapagos',33),(106,'(GMT-06:00) Guatemala',34),(127,'(GMT-06:00) Managua',35),(77,'(GMT-05:00) Bogota',36),(84,'(GMT-05:00) Cayman',37),(140,'(GMT-05:00) Eastern Time',38),(118,'(GMT-05:00) Eastern Time - Iqaluit',39),(137,'(GMT-05:00) Eastern Time - Montreal',40),(173,'(GMT-05:00) Eastern Time - Toronto',41),(103,'(GMT-05:00) Grand Turk',42),(107,'(GMT-05:00) Guayaquil',43),(110,'(GMT-05:00) Havana',44),(119,'(GMT-05:00) Jamaica',45),(124,'(GMT-05:00) Lima',46),(139,'(GMT-05:00) Nassau',47),(145,'(GMT-05:00) Panama',48),(149,'(GMT-05:00) Port-au-Prince',49),(157,'(GMT-05:00) Rio Branco',50),(82,'(GMT-04:30) Caracas',51),(56,'(GMT-04:00) Anguilla',52),(57,'(GMT-04:00) Antigua',53),(70,'(GMT-04:00) Aruba',54),(71,'(GMT-04:00) Asuncion',55),(109,'(GMT-04:00) Atlantic Time - Halifax',56),(73,'(GMT-04:00) Barbados',57),(268,'(GMT-04:00) Bermuda',58),(76,'(GMT-04:00) Boa Vista',59),(80,'(GMT-04:00) Campo Grande',60),(88,'(GMT-04:00) Cuiaba',61),(89,'(GMT-04:00) Curacao',62),(95,'(GMT-04:00) Dominica',63),(104,'(GMT-04:00) Grenada',64),(105,'(GMT-04:00) Guadeloupe',65),(108,'(GMT-04:00) Guyana',66),(123,'(GMT-04:00) La Paz',67),(128,'(GMT-04:00) Manaus',68),(129,'(GMT-04:00) Martinique',69),(138,'(GMT-04:00) Montserrat',70),(185,'(GMT-04:00) Palmer',71),(150,'(GMT-04:00) Port of Spain',72),(151,'(GMT-04:00) Porto Velho',73),(152,'(GMT-04:00) Puerto Rico',74),(158,'(GMT-04:00) Santiago',75),(159,'(GMT-04:00) Santo Domingo',76),(164,'(GMT-04:00) St. Kitts',77),(165,'(GMT-04:00) St. Lucia',78),(166,'(GMT-04:00) St. Thomas',79),(167,'(GMT-04:00) St. Vincent',80),(276,'(GMT-04:00) Stanley',81),(170,'(GMT-04:00) Thule',82),(174,'(GMT-04:00) Tortola',83),(163,'(GMT-03:30) Newfoundland Time - St. Johns',84),(58,'(GMT-03:00) Araguaina',85),(74,'(GMT-03:00) Belem',86),(59,'(GMT-03:00) Buenos Aires',87),(83,'(GMT-03:00) Cayenne',88),(99,'(GMT-03:00) Fortaleza',89),(101,'(GMT-03:00) Godthab',90),(126,'(GMT-03:00) Maceio',91),(134,'(GMT-03:00) Miquelon',92),(136,'(GMT-03:00) Montevideo',93),(147,'(GMT-03:00) Paramaribo',94),(155,'(GMT-03:00) Recife',95),(186,'(GMT-03:00) Rothera',96),(72,'(GMT-03:00) Salvador',97),(160,'(GMT-03:00) Sao Paulo',98),(143,'(GMT-02:00) Noronha',99),(275,'(GMT-02:00) South Georgia',100),(267,'(GMT-01:00) Azores',101),(270,'(GMT-01:00) Cape Verde',102),(161,'(GMT-01:00) Scoresbysund',103),(2,'(GMT+00:00) Abidjan',104),(3,'(GMT+00:00) Accra',105),(7,'(GMT+00:00) Bamako',106),(9,'(GMT+00:00) Banjul',107),(10,'(GMT+00:00) Bissau',108),(269,'(GMT+00:00) Canary Islands',109),(15,'(GMT+00:00) Casablanca',110),(17,'(GMT+00:00) Conakry',111),(18,'(GMT+00:00) Dakar',112),(90,'(GMT+00:00) Danmarkshavn',113),(300,'(GMT+00:00) Dublin',114),(22,'(GMT+00:00) El Aaiun',115),(271,'(GMT+00:00) Faeroe',116),(23,'(GMT+00:00) Freetown',117),(306,'(GMT+00:00) Lisbon',118),(33,'(GMT+00:00) Lome',119),(308,'(GMT+00:00) London',120),(42,'(GMT+00:00) Monrovia',121),(46,'(GMT+00:00) Nouakchott',122),(47,'(GMT+00:00) Ouagadougou',123),(274,'(GMT+00:00) Reykjavik',124),(49,'(GMT+00:00) Sao Tome',125),(277,'(GMT+00:00) St Helena',126),(5,'(GMT+01:00) Algiers',127),(288,'(GMT+01:00) Amsterdam',128),(289,'(GMT+01:00) Andorra',129),(8,'(GMT+01:00) Bangui',130),(293,'(GMT+01:00) Berlin',131),(12,'(GMT+01:00) Brazzaville',132),(295,'(GMT+01:00) Brussels',133),(297,'(GMT+01:00) Budapest',134),(319,'(GMT+01:00) Central European Time',135),(16,'(GMT+01:00) Ceuta',136),(299,'(GMT+01:00) Copenhagen',137),(21,'(GMT+01:00) Douala',138),(301,'(GMT+01:00) Gibraltar',139),(30,'(GMT+01:00) Kinshasa',140),(31,'(GMT+01:00) Lagos',141),(32,'(GMT+01:00) Libreville',142),(34,'(GMT+01:00) Luanda',143),(309,'(GMT+01:00) Luxembourg',144),(310,'(GMT+01:00) Madrid',145),(37,'(GMT+01:00) Malabo',146),(311,'(GMT+01:00) Malta',147),(314,'(GMT+01:00) Monaco',148),(44,'(GMT+01:00) Ndjamena',149),(45,'(GMT+01:00) Niamey',150),(317,'(GMT+01:00) Oslo',151),(318,'(GMT+01:00) Paris',152),(48,'(GMT+01:00) Porto-Novo',153),(321,'(GMT+01:00) Rome',154),(328,'(GMT+01:00) Stockholm',155),(330,'(GMT+01:00) Tirane',156),(52,'(GMT+01:00) Tunis',157),(332,'(GMT+01:00) Vaduz',158),(334,'(GMT+01:00) Vienna',159),(336,'(GMT+01:00) Warsaw',160),(53,'(GMT+01:00) Windhoek',161),(339,'(GMT+01:00) Zurich',162),(193,'(GMT+02:00) Amman',163),(290,'(GMT+02:00) Athens',164),(202,'(GMT+02:00) Beirut',165),(11,'(GMT+02:00) Blantyre',166),(296,'(GMT+02:00) Bucharest',167),(13,'(GMT+02:00) Bujumbura',168),(14,'(GMT+02:00) Cairo',169),(298,'(GMT+02:00) Chisinau',170),(209,'(GMT+02:00) Damascus',171),(24,'(GMT+02:00) Gaborone',172),(214,'(GMT+02:00) Gaza',173),(25,'(GMT+02:00) Harare',174),(302,'(GMT+02:00) Helsinki',175),(303,'(GMT+02:00) Istanbul',176),(26,'(GMT+02:00) Johannesburg',177),(305,'(GMT+02:00) Kiev',178),(29,'(GMT+02:00) Kigali',179),(35,'(GMT+02:00) Lubumbashi',180),(36,'(GMT+02:00) Lusaka',181),(38,'(GMT+02:00) Maputo',182),(39,'(GMT+02:00) Maseru',183),(40,'(GMT+02:00) Mbabane',184),(313,'(GMT+02:00) Minsk',185),(304,'(GMT+02:00) Moscow-01 - Kaliningrad',186),(237,'(GMT+02:00) Nicosia',187),(320,'(GMT+02:00) Riga',188),(327,'(GMT+02:00) Sofia',189),(329,'(GMT+02:00) Tallinn',190),(222,'(GMT+02:00) Tel Aviv',191),(51,'(GMT+02:00) Tripoli',192),(335,'(GMT+02:00) Vilnius',193),(4,'(GMT+03:00) Addis Ababa',194),(191,'(GMT+03:00) Aden',195),(340,'(GMT+03:00) Antananarivo',196),(6,'(GMT+03:00) Asmera',197),(198,'(GMT+03:00) Baghdad',198),(199,'(GMT+03:00) Bahrain',199),(344,'(GMT+03:00) Comoro',200),(19,'(GMT+03:00) Dar es Salaam',201),(20,'(GMT+03:00) Djibouti',202),(27,'(GMT+03:00) Kampala',203),(28,'(GMT+03:00) Khartoum',204),(231,'(GMT+03:00) Kuwait',205),(349,'(GMT+03:00) Mayotte',206),(41,'(GMT+03:00) Mogadishu',207),(315,'(GMT+03:00) Moscow+00',208),(43,'(GMT+03:00) Nairobi',209),(244,'(GMT+03:00) Qatar',210),(247,'(GMT+03:00) Riyadh',211),(188,'(GMT+03:00) Syowa',212),(257,'(GMT+03:30) Tehran',213),(200,'(GMT+04:00) Baku',214),(212,'(GMT+04:00) Dubai',215),(346,'(GMT+04:00) Mahe',216),(348,'(GMT+04:00) Mauritius',217),(322,'(GMT+04:00) Moscow+01 - Samara',218),(236,'(GMT+04:00) Muscat',219),(350,'(GMT+04:00) Reunion',220),(256,'(GMT+04:00) Tbilisi',221),(266,'(GMT+04:00) Yerevan',222),(223,'(GMT+04:30) Kabul',223),(195,'(GMT+05:00) Aqtau',224),(196,'(GMT+05:00) Aqtobe',225),(197,'(GMT+05:00) Ashgabat',226),(213,'(GMT+05:00) Dushanbe',227),(225,'(GMT+05:00) Karachi',228),(345,'(GMT+05:00) Kerguelen',229),(347,'(GMT+05:00) Maldives',230),(265,'(GMT+05:00) Moscow+02 - Yekaterinburg',231),(255,'(GMT+05:00) Tashkent',232),(208,'(GMT+05:30) Colombo',233),(205,'(GMT+05:30) India Standard Time',234),(192,'(GMT+06:00) Almaty',235),(203,'(GMT+06:00) Bishkek',236),(341,'(GMT+06:00) Chagos',237),(210,'(GMT+06:00) Dhaka',238),(183,'(GMT+06:00) Mawson',239),(239,'(GMT+06:00) Moscow+03 - Omsk, Novosibirsk',240),(258,'(GMT+06:00) Thimphu',241),(189,'(GMT+06:00) Vostok',242),(343,'(GMT+06:30) Cocos',243),(246,'(GMT+06:30) Rangoon',244),(201,'(GMT+07:00) Bangkok',245),(342,'(GMT+07:00) Christmas',246),(181,'(GMT+07:00) Davis',247),(248,'(GMT+07:00) Hanoi',248),(217,'(GMT+07:00) Hovd',249),(220,'(GMT+07:00) Jakarta',250),(228,'(GMT+07:00) Moscow+04 - Krasnoyarsk',251),(241,'(GMT+07:00) Phnom Penh',252),(262,'(GMT+07:00) Vientiane',253),(204,'(GMT+08:00) Brunei',254),(180,'(GMT+08:00) Casey',255),(252,'(GMT+08:00) China Time - Beijing',256),(206,'(GMT+08:00) Choibalsan',257),(216,'(GMT+08:00) Hong Kong',258),(229,'(GMT+08:00) Kuala Lumpur',259),(232,'(GMT+08:00) Macau',260),(234,'(GMT+08:00) Makassar',261),(235,'(GMT+08:00) Manila',262),(218,'(GMT+08:00) Moscow+05 - Irkutsk',263),(253,'(GMT+08:00) Singapore',264),(254,'(GMT+08:00) Taipei',265),(260,'(GMT+08:00) Ulaanbaatar',266),(286,'(GMT+08:00) Western Time - Perth',267),(211,'(GMT+09:00) Dili',268),(221,'(GMT+09:00) Jayapura',269),(264,'(GMT+09:00) Moscow+06 - Yakutsk',270),(377,'(GMT+09:00) Palau',271),(243,'(GMT+09:00) Pyongyang',272),(251,'(GMT+09:00) Seoul',273),(259,'(GMT+09:00) Tokyo',274),(278,'(GMT+09:30) Central Time - Adelaide',275),(281,'(GMT+09:30) Central Time - Darwin',276),(182,'(GMT+10:00) Dumont D\'Urville',277),(279,'(GMT+10:00) Eastern Time - Brisbane',278),(282,'(GMT+10:00) Eastern Time - Hobart',279),(287,'(GMT+10:00) Eastern Time - Melbourne, Sydney',280),(363,'(GMT+10:00) Guam',281),(263,'(GMT+10:00) Moscow+07 - Yuzhno-Sakhalinsk',282),(380,'(GMT+10:00) Port Moresby',283),(382,'(GMT+10:00) Saipan',284),(386,'(GMT+10:00) Truk',285),(355,'(GMT+11:00) Efate',286),(362,'(GMT+11:00) Guadalcanal',287),(367,'(GMT+11:00) Kosrae',288),(233,'(GMT+11:00) Moscow+08 - Magadan',289),(375,'(GMT+11:00) Noumea',290),(379,'(GMT+11:00) Ponape',291),(374,'(GMT+11:30) Norfolk',292),(184,'(GMT+12:00) Antarctica/McMurdo',293),(187,'(GMT+12:00) Antarctica/South_Pole',294),(352,'(GMT+12:00) Auckland',295),(358,'(GMT+12:00) Fiji',296),(359,'(GMT+12:00) Funafuti',297),(368,'(GMT+12:00) Kwajalein',298),(369,'(GMT+12:00) Majuro',299),(224,'(GMT+12:00) Moscow+09 - Petropavlovsk-Kamchatskiy',300),(372,'(GMT+12:00) Nauru',301),(384,'(GMT+12:00) Tarawa',302),(387,'(GMT+12:00) Wake',303),(388,'(GMT+12:00) Wallis',304),(356,'(GMT+13:00) Enderbury',305),(385,'(GMT+13:00) Tongatapu',306),(366,'(GMT+14:00) Kiritimati',307);

/*Data for the table `wizard_steps` */

insert  into `wizard_steps`(`id_wizard_step`,`id_wizard`,`title`,`review_title`,`controller`,`review_controller`,`step`,`confirmation_button_title`,`review_next_step`,`review_previous_step`) values ('cpm_flatrate_step_main','cpm_flatrate','Create CPM / Flatrate Campaign','Edit CPM / Flatrate Campaign','advertiser/create_campaign_step_main/index/cpm_flatrate',NULL,0,NULL,NULL,NULL),('cpm_flatrate_step_group','cpm_flatrate','Create Group','Edit Group','advertiser/create_campaign_step_group_name/index/cpm_flatrate',NULL,1,NULL,NULL,NULL),('cpm_flatrate_step_choose_site_channels','cpm_flatrate','Choose Sites/Channels','Choose Sites/Channels','advertiser/create_campaign_step_choose_sites_channels/index/cpm_flatrate',NULL,2,NULL,'advertiser/create_campaign_step_set_pricing/index/cpm_flatrate',NULL),('cpm_flatrate_step_set_pricing','cpm_flatrate','Set Pricing','Set Pricing','advertiser/create_campaign_step_set_pricing/index/cpm_flatrate',NULL,3,NULL,NULL,'advertiser/create_campaign_step_choose_sites_channels/index/cpm_flatrate'),('cpm_flatrate_step_create_ad','cpm_flatrate','Create Ad',NULL,'advertiser/create_campaign_step_create_ad/index/cpm_flatrate',NULL,4,NULL,NULL,NULL),('cpm_flatrate_step_preview_ads','cpm_flatrate','Preview Ads',NULL,'advertiser/create_campaign_step_preview_ads/index/cpm_flatrate',NULL,5,NULL,NULL,NULL),('cpm_flatrate_step_review_selections','cpm_flatrate','Review your selections',NULL,'advertiser/create_campaign_step_review_selections/index/cpm_flatrate',NULL,6,NULL,NULL,NULL),('edit_channels_step_choose_site_channels','edit_channels','Choose Sites/Channels',NULL,'advertiser/edit_channels',NULL,0,NULL,NULL,NULL),('edit_channels_step_set_pricing','edit_channels','Set Pricing',NULL,'advertiser/edit_set_pricing',NULL,1,NULL,NULL,NULL),('edit_sites_step_select_sites','edit_sites','Select Sites',NULL,'advertiser/edit_sites',NULL,0,NULL,NULL,NULL),('create_ad_step_create_ad','create_ad','Create Ad',NULL,'advertiser/create_ad',NULL,0,NULL,NULL,NULL),('edit_compaign_step_edit_compaign','edit_campaign','Edit Campaign',NULL,'advertiser/edit_campaign',NULL,0,'Save',NULL,NULL);

/*Data for the table `wizards` */

insert  into `wizards`(`id_wizard`,`title`) values ('cpm_flatrate','Create CPM/Flatrate Compaing Wizard'),('edit_channels','Edit channels Wizard'),('edit_sites','Edit sites Wizard'),('create_ad','Create Ad Wizard'),('edit_campaign','Edit campaign Wizard');

/*Data for the table `color_schemes` */

insert into `color_schemes` (`id_color_scheme`, `id_entity_publisher`, `name`, `border_color`, `title_color`, `title_id_font`, `title_font_size`, `title_font_style`, `title_font_weight`, `background_color`, `text_color`, `text_id_font`, `text_font_size`, `text_font_style`, `text_font_weight`, `url_color`, `url_id_font`, `url_font_size`, `url_font_style`, `url_font_weight`) values('1','0','Default sheme','AAAAAA','0000FF','2','12','normal','normal','ffffff','000000','2','12','normal','normal','008000','2','12','normal','normal');

/*Data for the table `feeds` */

insert into `feeds` (`id_feed`, `name`, `title`, `class`, `affiliate_id_1`, `affiliate_id_2`, `affiliate_id_3`, `status`, `commission`, `url`, `publisher_commission`) values('1','bytecity','ByteCity.com','Sppc_Search_Engine_XmlFeed_ByteCity',NULL,NULL,NULL,'active','100.00','http://bytecity.com/my_api/search?id_site=[ID1]&limit=[COUNT]&ref=[REFERER]&ip=[IP_ADDRESS]&user_agent=[USER_AGENT]&accept=[ACCEPT]','100.00');

/*!40101 SET SQL_MODE=@OLD_SQL_MODE */;
/*!40014 SET FOREIGN_KEY_CHECKS=@OLD_FOREIGN_KEY_CHECKS */;
